timepoint_id,person,ChEBI,val
03-087-GMA-41M,03-087-GMA,62346,0.298813030
03-090-GMA-06M,03-090-GMA,16414,0.037226960
03-094-GMA-06M,03-094-GMA,16414,0.068863762
03-096-GMA-18M,03-096-GMA,15903,0.929837000
03-096-GMA-18M,03-096-GMA,18050,0.255205751
03-108-GMA-30M,03-108-GMA,16199,0.306299548
02-019-GMA-29M-IT1,02-019-GMA,16977,0.402121783
02-020-GMA-12M,02-020-GMA,18019,0.074533010
03-110-GMA-37M-IT1,03-110-GMA,30772,0.235377285

